id,name,model_id:id,group_id:id,perm_read,perm_write,perm_create,perm_unlink
access_report_profit_and_loss_custom_report_report_profit_loss,report.profit_and_loss_custom_report.report_profit_loss,model_report_profit_and_loss_custom_report_report_profit_loss,account.group_account_manager,1,1,1,1
access_report_profit_and_loss_custom_report_report_profit_loss,report.profit_and_loss_custom_report.report_profit_loss,model_report_profit_and_loss_custom_report_report_profit_loss,account.group_account_invoice,1,1,1,1
access_report_profit_and_loss_custom_report_report_profit_loss,report.profit_and_loss_custom_report.report_profit_loss,model_report_profit_and_loss_custom_report_report_profit_loss,base.group_user,1,1,1,1
access_profit_loss_custom_report,profit.loss.custom.report,model_profit_loss_custom_report,account.group_account_manager,1,1,1,1
access_profit_loss_custom_report,profit.loss.custom.report,model_profit_loss_custom_report,account.group_account_invoice,1,1,1,1
access_profit_loss_custom_report,profit.loss.custom.report,model_profit_loss_custom_report,base.group_user,1,1,1,1
access_profit_loss_excel,profit.loss.excel,model_profit_loss_excel,account.group_account_manager,1,1,1,1
access_profit_loss_excel,profit.loss.excel,model_profit_loss_excel,account.group_account_invoice,1,1,1,1
access_profit_loss_excel,profit.loss.excel,model_profit_loss_excel,base.group_user,1,1,1,1